rank_by_delta_pr_auc,display_name,experiment_key,component_views,split,unbalanced_pr_auc,balanced_pr_auc,delta_pr_auc,unbalanced_f1,balanced_f1,delta_f1,unbalanced_recall,balanced_recall,delta_recall,unbalanced_precision,balanced_precision,delta_precision,unbalanced_fpr,balanced_fpr,delta_fpr,unbalanced_roc_auc,balanced_roc_auc,delta_roc_auc,unbalanced_accuracy,balanced_accuracy,delta_accuracy
1,A+B,AB,A+B,test,0.2272161830581054,0.2272161830581054,0.0,0.0318441064638783,0.1923809523809523,0.16053684591707398,0.0162109847568352,0.1221872731671909,0.1059762884103557,0.8933333333333333,0.4521038495971352,-0.44122948373619814,,0.0053695985961833,,0.7897043876752721,0.7897043876752721,0.0,0.9655061469163816,0.9641006536390422,-0.001405493277339409
2,A,A,A,test,0.1887511659325241,0.1887511659325241,0.0,0.0560704355885078,0.1869393613204162,0.1308689257319084,0.0292765545608516,0.1260585531091217,0.0967819985482701,0.6612021857923497,0.3615544760582928,-0.2996477097340569,,0.0080719456021057,,0.762129296313246,0.762129296313246,0.0,0.9655061469163816,0.9616283401632404,-0.0038778067531411997
3,B,B,B,test,0.2108632044861735,0.2108632044861735,0.0,0.0488492249882573,0.1699038650186384,0.1210546400303811,0.0251633196225502,0.1047665134285023,0.0796031938059521,0.832,0.4491701244813278,-0.38282987551867215,,0.0046589164290414,,0.7763486279071286,0.7763486279071286,0.0,0.9657093507637078,0.9641768550817896,-0.0015324956819181557
4,A+T+B,ATB,A+T+B,test,0.237263000983724,0.237263000983724,0.0,0.0125030055301755,0.1019766397124887,0.0894736341823132,0.0062908299056375,0.0549237841761432,0.0486329542705057,1.0,0.7115987460815048,-0.28840125391849525,,0.0008071945602105,,0.7951134081120574,0.7951134081120574,0.0,0.9652267416263082,0.966149625766248,0.0009228841399397947
5,A+B+I,ABI,A+B+I,test,0.2272161830581054,0.2272161830581054,0.0,0.0129807692307692,0.0995047276001801,0.0865239583694109,0.0065327849020082,0.0534720541979191,0.046939269295910906,1.0,0.7152103559870551,-0.28478964401294493,,0.0007720991445492,,0.7897043876752721,0.7897043876752721,0.0,0.96523520845328,0.966132692112304,0.0008974836590239788
6,A+T+B+I,ATBI,A+T+B+I,test,0.237263000983724,0.237263000983724,0.0,0.0,0.045754716981132,0.045754716981132,0.0,0.0234696346479554,0.0234696346479554,0.0,0.9065420560747663,0.9065420560747663,,8.77385391533231e-05,,0.7951134081120574,0.7951134081120574,0.0,0.965006604125038,0.9657432180715956,0.0007366139465575516
7,T+B+I,TBI,T+B+I,test,0.224412748647858,0.224412748647858,0.0,0.0,0.0295238095238095,0.0295238095238095,0.0,0.0150012097749818,0.0150012097749818,0.0,0.9253731343283582,0.9253731343283582,,4.386926957666155e-05,,0.7791499763803309,0.7791499763803309,0.0,0.965006604125038,0.9654892132624378,0.00048260913739972544
8,T,T,T,test,0.0658646011423807,0.0658646011423807,0.0,0.0,0.009587727708533,0.009587727708533,0.0,0.0048390999274135,0.0048390999274135,0.0,0.5128205128205128,0.5128205128205128,,0.0001667032243913,,0.6132483676263897,0.6132483676263897,0.0,0.965006604125038,0.96501507095201,8.46682697197565e-06
9,I,I,I,test,0.0349933958749619,0.0349933958749619,0.0,0.0,0.0,0.0,0.0,0.0,0.0,0.0,0.0,0.0,,0.0,,0.5,0.5,0.0,0.965006604125038,0.965006604125038,0.0
10,I+T,IT,I+T,test,0.0658646011423807,0.0658646011423807,0.0,0.0,0.0,0.0,0.0,0.0,0.0,0.0,0.0,0.0,,0.0,,0.6132483676263897,0.6132483676263897,0.0,0.965006604125038,0.965006604125038,0.0
